<?xml version="1.0" encoding="UTF-8"?><metadata>
    <idinfo>
        <citation>
            <citeinfo>
                <origin/>
                <pubdate>20140324</pubdate>
                <title>DPW Parking Beats</title>
                <geoform>vector digital data</geoform>
                <lworkcit>
                    <citeinfo>
                        <title>DC Geographic Information System</title>
                    </citeinfo>
                </lworkcit>
            </citeinfo>
        </citation>
        <descript>
            <abstract>Parking enforcement in Washington DC is organized by assigning parking enforcement officers to beats that must be patrolled to detect parking violations and to issue tickets to violators. The beats are sized according to methods used to patrol the beat and according to the amount of available parking spaces in the public right of way, and the level of enforcement required due to signs, meters, and regulations.</abstract>
            <purpose>This dataset defines the boundaries of parking beats used for deployment of parking enforcement officers in Washington DC.</purpose>
        </descript>
        <timeperd>
            <timeinfo>
                <sngdate>
                    <caldate>20140321</caldate>
                </sngdate>
            </timeinfo>
            <current>publication date</current>
        </timeperd>
        <status>
            <progress>Complete</progress>
            <update>As needed</update>
        </status>
        <spdom>
            <bounding>
                <westbc>-77.13</westbc>
                <eastbc>-76.90</eastbc>
                <northbc>39.01</northbc>
                <southbc>38.78</southbc>
            </bounding>
        </spdom>
        <keywords>
            <theme>
                <themekt>ISO 19115 Topic Categories</themekt>
                <themekey>boundaries</themekey>
                <themekey>transportation</themekey>
            </theme>
            <place>
                <placekt>None</placekt>
                <placekey>District of Columbia</placekey>
                <placekey>Washington DC</placekey>
            </place>
        </keywords>
        <accconst>Other Constraints</accconst>
        <useconst>This work is licensed under a Creative Commons Attribution 4.0 International License.</useconst>
        <ptcontac>
            <cntinfo>
                <cntorgp>
                    <cntorg>D.C. Office of the Chief Technology Officer</cntorg>
                    <cntper>GIS Data Coordinator</cntper>
                </cntorgp>
                <cntpos>GIS Data Coordinator</cntpos>
                <cntaddr>
                    <addrtype>mailing and physical</addrtype>
                    <address>200 I Street SE, 5th Floor</address>
                    <city>Washington</city>
                    <state>DC</state>
                    <postal>20003</postal>
                </cntaddr>
                <cntvoice>(202) 727-2277</cntvoice>
                <cntfax>(202) 727-5660</cntfax>
                <cntemail>dcgis@dc.gov</cntemail>
                <hours>8:30 am - 5:00 pm</hours>
            </cntinfo>
        </ptcontac>
        <ptcontac>
            <cntinfo>
                <cntorgp>
                    <cntorg>Department of Public Works</cntorg>
                    <cntper>Parking Enforcement Management Administration</cntper>
                </cntorgp>
                <cntpos>GIS Database Administrator</cntpos>
                <cntaddr>
                    <addrtype>mailing</addrtype>
                    <address>2000 14th Street NW</address>
                    <city>Washington</city>
                    <state>DC</state>
                    <postal>20009</postal>
                    <country>US</country>
                </cntaddr>
                <cntvoice>(202) 710-6203</cntvoice>
                <cntemail>brendan.ford@dc.gov</cntemail>
            </cntinfo>
        </ptcontac>
        <ptcontac>
            <cntinfo>
                <cntorgp>
                    <cntorg>D.C. Office of the Chief Technology Officer</cntorg>
                    <cntper>GIS Data Coordinator</cntper>
                </cntorgp>
                <cntpos>GIS Data Coordinator</cntpos>
                <cntaddr>
                    <addrtype>mailing and physical</addrtype>
                    <address>200 I Street SE, 5th Floor</address>
                    <city>Washington</city>
                    <state>DC</state>
                    <postal>20003</postal>
                </cntaddr>
                <cntvoice>(202) 727-2277</cntvoice>
                <cntfax>(202) 727-5660</cntfax>
                <cntemail>dcgis@dc.gov</cntemail>
                <hours>8:30 am - 5:00 pm</hours>
            </cntinfo>
        </ptcontac>
        <datacred>Department of Public Works</datacred>
        <native>Version 6.2 (Build 9200) ; Esri ArcGIS 10.3.1.4959</native>
        <crossref>
            <citeinfo>
                <pubdate>20020214</pubdate>
                <title>DC Geographic Information System</title>
            </citeinfo>
        </crossref>
    </idinfo>
    <dataqual>
        <attracc>
            <attraccr>Data believed to be complete and accurate, subject to change. Digital version compared with original source data for accuracy and completeness. Validated by source and/or responsible agency.</attraccr>
        </attracc>
        <logic>Validated by source and/or responsible agency.</logic>
        <complete>Data believed to be complete and accurate, subject to change. Digital version compared with original source data for accuracy and completeness. Validated by source and/or responsible agency.</complete>
        <posacc>
            <horizpa>
                <horizpar>In process of validation by source and/or responsible agency.</horizpar>
            </horizpa>
        </posacc>
        <posacc>
            <vertacc>
                <vertaccr>In process of validation by source and/or responsible agency.</vertaccr>
            </vertacc>
        </posacc>
        <lineage>
            <srcinfo>
                <srccite>
                    <citeinfo>
                        <title>DPW Parking Beats</title>
                    </citeinfo>
                </srccite>
                <typesrc>hardcopyPaper</typesrc>
                <srccitea>DPW Parking Beats</srccitea>
                <srccontr>locations and attributes</srccontr>
            </srcinfo>
            <srcinfo>
                <srccite>
                    <citeinfo>
                        <title>DPW Parking Beat digital file</title>
                    </citeinfo>
                </srccite>
                <typesrc>None</typesrc>
                <srccitea>DPW Parking Beat digital file</srccitea>
            </srcinfo>
            <procstep>
                <procdesc>Staff consulted with Parking Beat contacts at OCTO and DPW to ensure the accuracy and currency of the data. The data is current as of May 2005.</procdesc>
                <proccont>
                    <cntinfo>
                        <cntorgp>
                            <cntorg>D.C. Office of the Chief Technology Officer</cntorg>
                            <cntper>GIS Data Coordinator</cntper>
                        </cntorgp>
                        <cntaddr>
                            <addrtype>mailing and physical</addrtype>
                            <address>200 I Street SE, 5th Floor</address>
                            <city>Washington</city>
                            <state>DC</state>
                            <postal>20003</postal>
                            <country>US</country>
                        </cntaddr>
                        <cntfax>(202) 727-5660</cntfax>
                        <cntemail>dcgis@dc.gov</cntemail>
                        <hours>8:30 am - 5 pm</hours>
                    </cntinfo>
                </proccont>
            </procstep>
            <procstep>
                <procdesc>OCTO GIS staff heads-up digitized the Parking Enforcement Beats using the SIS street centerlines as a backdrop. OCTO used internal source maps provided by DPW Parking Enforcement and staff resources to compile the routes. A polygon shapefile was created through this process in the ArcGIS environment. All DC GIS data is stored and exported in Maryland State Plane coordinates NAD 83 meters.</procdesc>
                <proccont>
                    <cntinfo>
                        <cntorgp>
                            <cntorg>D.C. Office of the Chief Technology Officer</cntorg>
                            <cntper>GIS Coordinator</cntper>
                        </cntorgp>
                        <cntfax>(202) 727-5660</cntfax>
                        <cntemail>dcgis@dc.gov</cntemail>
                        <hours>10 am - 5 pm</hours>
                    </cntinfo>
                </proccont>
            </procstep>
            <procstep>
                <procdesc>DC updated parking beats to follow the 2013 single member district lined (SMD). Staff used the smd value as the parking beat id.</procdesc>
                <procdate>20140321</procdate>
                <proccont>
                    <cntinfo>
                        <cntorgp>
                            <cntorg>OCTO</cntorg>
                        </cntorgp>
                    </cntinfo>
                </proccont>
            </procstep>
        </lineage>
    </dataqual>
    <spdoinfo>
        <direct>Vector</direct>
        <ptvctinf>
            <sdtsterm>
                <sdtstype>GT-polygon composed of chains</sdtstype>
                <ptvctcnt>296</ptvctcnt>
            </sdtsterm>
        </ptvctinf>
    </spdoinfo>
    <eainfo>
        <detailed>
            <enttyp>
                <enttypl>Washington DC Parking Enforcement Administration Parking Beats</enttypl>
                <enttypd>Areas designated by the Department of Public Works for parking enforcement.</enttypd>
                <enttypds>DC OCTO</enttypds>
            </enttyp>
            <attr>
                <attrlabl>GIS_ID</attrlabl>
                <attrdef>Unique value created internally for each record.</attrdef>
                <attrdefs>DC OCTO</attrdefs>
            </attr>
            <attr>
                <attrlabl>SHAPE</attrlabl>
                <attrdef>Feature geometry.</attrdef>
                <attrdefs>ESRI</attrdefs>
                <attrdomv>
                                        					
                    
                    <udom>Coordinates defining the features.</udom>
                                        				
                
                </attrdomv>
            </attr>
            <attr>
                <attrlabl>OBJECTID</attrlabl>
                <attrdef>Internal feature number.</attrdef>
                <attrdefs>ESRI</attrdefs>
                <attrdomv>
                                        					
                    
                    <udom>Sequential unique whole numbers that are automatically generated.</udom>
                                        				
                
                </attrdomv>
            </attr>
            <attr>
                <attrlabl>SHAPE.AREA</attrlabl>
                <attrdef>Auto-generated area value.</attrdef>
                <attrdefs>DC OCTO</attrdefs>
            </attr>
            <attr>
                <attrlabl>SHAPE.LEN</attrlabl>
                <attrdef>Auto-generated length value.</attrdef>
                <attrdefs>DC OCTO</attrdefs>
            </attr>
            <attr>
                <attrlabl>ENF</attrlabl>
                <attrdef>The ENF field indicates the type of enforcement:
"1" indicates parking officers on foot patrol
"2" indicates parking officers driving
"3" indicates special zones of enforcement on National Park Service grounds</attrdef>
                <attrdefs>DPW</attrdefs>
                <attrdomv>
                                        					
                    
                    <edom>
                                                						
                        
                        <edomv>1</edomv>
                                                						
                        
                        <edomvd>Parking officers on foot patrol.</edomvd>
                                                						
                        
                        <edomvds>DPW</edomvds>
                                                					
                    
                    </edom>
                                        				
                
                </attrdomv>
                <attrdomv>
                                        					
                    
                    <edom>
                                                						
                        
                        <edomv>2</edomv>
                                                						
                        
                        <edomvd>Parking officers driving.</edomvd>
                                                						
                        
                        <edomvds>DPW</edomvds>
                                                					
                    
                    </edom>
                                        				
                
                </attrdomv>
                <attrdomv>
                                        					
                    
                    <edom>
                                                						
                        
                        <edomv>3</edomv>
                                                						
                        
                        <edomvd>Special zones of enforcement on National Park Service grounds.</edomvd>
                                                						
                        
                        <edomvds>DPW</edomvds>
                                                					
                    
                    </edom>
                                        				
                
                </attrdomv>
            </attr>
            <attr>
                <attrlabl>NEW_ID</attrlabl>
                <attrdef>Identifier for each beat with a prefix associated with Ward and then a sequential number to distinguish each beat within a Ward. Beats on National Park Service grounds have a prefix of NPS.</attrdef>
                <attrdefs>DPW</attrdefs>
            </attr>
        </detailed>
    </eainfo>
    <distinfo>
        <distrib>
            <cntinfo>
                <cntorgp>
                    <cntorg>D.C. Office of the Chief Technology Officer</cntorg>
                    <cntper>GIS Data Coordinator</cntper>
                </cntorgp>
                <cntpos>GIS Data Coordinator</cntpos>
                <cntaddr>
                    <addrtype>mailing and physical</addrtype>
                    <address>200 I Street SE, 5th Floor</address>
                    <city>Washington</city>
                    <state>DC</state>
                    <postal>20003</postal>
                </cntaddr>
                <cntvoice>(202) 727-2277</cntvoice>
                <cntfax>(202) 727-5660</cntfax>
                <cntemail>dcgis@dc.gov</cntemail>
                <hours>8:30 am - 5:00 pm</hours>
            </cntinfo>
        </distrib>
        <distliab>See access and use constraints information.</distliab>
        <custom>DC datasets can be downloaded from "https://opendata.dc.gov".</custom>
    </distinfo>
    <metainfo>
        <metd>20230612</metd>
        <metc>
            <cntinfo>
                <cntorgp>
                    <cntorg>D.C. Office of the Chief Technology Officer</cntorg>
                    <cntper>GIS Data Coordinator</cntper>
                </cntorgp>
                <cntpos>GIS Data Coordinator</cntpos>
                <cntaddr>
                    <addrtype>mailing and physical</addrtype>
                    <address>200 I Street SE, 5th Floor</address>
                    <city>Washington</city>
                    <state>DC</state>
                    <postal>20003</postal>
                </cntaddr>
                <cntvoice>(202) 727-2277</cntvoice>
                <cntfax>(202) 727-5660</cntfax>
                <cntemail>dcgis@dc.gov</cntemail>
                <hours>8:30 am - 5:00 pm</hours>
            </cntinfo>
        </metc>
        <metstdn>FGDC Content Standard for Digital Geospatial Metadata</metstdn>
        <metstdv>FGDC-STD-001-1998</metstdv>
        <mettc>local time</mettc>
    </metainfo>
</metadata>
